input_text,target_text
"<img src='cat.jpg'>","<img src='cat.jpg' alt='Gato'>"
"<button>Click me</button>","<button type='button'>Click me</button>"
"<div (click)='submit()'>Enviar</div>","<button type='button' (click)='submit()'>Enviar</button>"
"<input type='text'>","<input type='text' aria-label='Input text'>"
"<a href='#'>Read more</a>","<a href='#' aria-label='Read more about this topic'>Read more</a>"
"<span onclick='next()'>Next</span>","<button type='button' onclick='next()'>Next</button>"
"<img src='logo.png' />","<img src='logo.png' alt='Company Logo' />"
"<form></form>","<form aria-label='Contact form'></form>"
"<div role='button'>Save</div>","<button type='button'>Save</button>"
"<i class='fa fa-icon' onclick='toggle()'></i>","<button type='button' aria-label='Toggle' onclick='toggle()'><i class='fa fa-icon'></i></button>"
"<img src='banner.jpg'>","<img src='banner.jpg' alt='Oferta especial de verano'>"
"<img src='icon.png'>","<img src='icon.png' alt='' aria-hidden='true'>"
"<input type='email'>","<input type='email' autocomplete='email' aria-label='Correo electr√≥nico'>"
"<input type='password'>","<input type='password' autocomplete='current-password' aria-label='Contrase√±a'>"
"<a href='#' onclick='openModal()'>Info</a>","<button type='button' onclick='openModal()'>Info</button>"
"<div class='btn' (click)='login()'>Entrar</div>","<button type='button' class='btn' (click)='login()'>Entrar</button>"
"<span class='close' (click)='close()'>X</span>","<button type='button' class='close' aria-label='Cerrar' (click)='close()'>X</button>"
"<video src='movie.mp4'></video>","<video src='movie.mp4'><track kind='captions' src='subs.vtt' label='Espa√±ol'></video>"
"<audio src='podcast.mp3'></audio>","<audio src='podcast.mp3'></audio><a href='transcript.html'>Ver transcripci√≥n</a>"
"<div tabindex='1'>Focus me</div>","<div tabindex='0'>Focus me</div>"
"<a href='javascript:void(0)'>Click</a>","<button type='button'>Click</button>"
"<img src='chart.png'>","<img src='chart.png' alt='Gr√°fico de ventas del primer trimestre'>"
"<input type='search'>","<input type='search' aria-label='Buscar en el sitio'>"
"<button></button>","<button type='button' aria-label='Bot√≥n sin texto'></button>"
"<div role='checkbox' (click)='toggle()'>Opci√≥n</div>","<button role='checkbox' aria-checked='false' (click)='toggle()'>Opci√≥n</button>"
"<section><h2>Titulo</h2></section>","<section><h2>Titulo</h2></section>"
"<b (click)='sort()'>Ordenar</b>","<button type='button' (click)='sort()'>Ordenar</button>"
"<img src='spacer.gif'>","<img src='spacer.gif' alt='' role='presentation'>"
"<input type='tel'>","<input type='tel' autocomplete='tel' aria-label='Tel√©fono'>"
"<form action='/login'></form>","<form action='/login' aria-label='Formulario de inicio de sesi√≥n'></form>"
"<div onclick='menu()'>Men√∫</div>","<button type='button' onclick='menu()'>Men√∫</button>"
"<a href='#'>M√°s</a>","<a href='#' aria-label='Leer m√°s sobre este art√≠culo'>M√°s</a>"
"<img src='user.jpg'>","<img src='user.jpg' alt='Foto de perfil del usuario'>"
"<button class='icon-only'><i class='fa fa-save'></i></button>","<button class='icon-only' aria-label='Guardar'><i class='fa fa-save'></i></button>"
"<div (click)='nextStep()'>Siguiente ></div>","<button type='button' (click)='nextStep()'>Siguiente ></button>"
"<input type='checkbox'>","<input type='checkbox' aria-label='Acepto los t√©rminos'>"
"<select></select>","<select aria-label='Selecciona una opci√≥n'></select>"
"<textarea></textarea>","<textarea aria-label='Escribe tu mensaje aqu√≠'></textarea>"
"<img src='map.png'>","<img src='map.png' alt='Mapa de ubicaci√≥n de la oficina'>"
"<div role='link' (click)='go()'>Ir</div>","<a href='#' (click)='go()'>Ir</a>"
"<span role='button'>Aceptar</span>","<button type='button'>Aceptar</button>"
"<a href='#' onclick='print()'>Imprimir</a>","<button type='button' onclick='print()'>Imprimir</button>"
"<div class='card' (click)='expand()'>Ver detalles</div>","<button type='button' class='card' (click)='expand()'>Ver detalles</button>"
"<input type='date'>","<input type='date' aria-label='Selecciona una fecha'>"
"<img src='warning.svg'>","<img src='warning.svg' alt='Advertencia'>"
"<div aria-label='Boton'></div>","<button type='button'>Boton</button>"
"<a href='#'>Aqu√≠</a>","<a href='#' aria-label='Haga clic aqu√≠ para m√°s informaci√≥n'>Aqu√≠</a>"
"<button>X</button>","<button type='button' aria-label='Cerrar'>X</button>"
"<input placeholder='Nombre'>","<input type='text' placeholder='Nombre' aria-label='Nombre'>"
"<div (click)='play()'>‚ñ∂</div>","<button type='button' aria-label='Reproducir' (click)='play()'>‚ñ∂</button>"
"<img src='1.jpg'>","<img src='1.jpg' alt='Imagen 1'>"
"<a href='home'>Inicio</a>","<a href='home'>Inicio</a>"
"<span (click)='like()'>‚ù§Ô∏è</span>","<button type='button' aria-label='Me gusta' (click)='like()'>‚ù§Ô∏è</button>"
"<div role='alert'>Error</div>","<div role='alert'>Error</div>"
"<input type='submit'>","<input type='submit' value='Enviar'>"
"<img src='graph.png'>","<img src='graph.png' alt='Datos estad√≠sticos del a√±o'>"
"<a href='#' onclick='download()'>Descargar</a>","<button type='button' onclick='download()'>Descargar</button>"
"<div class='tab' (click)='select()'>Pesta√±a 1</div>","<button role='tab' (click)='select()'>Pesta√±a 1</button>"
"<input type='radio'>","<input type='radio' aria-label='Opci√≥n'>"
"<img src='check.png'>","<img src='check.png' alt='Completado'>"
"<div (click)='back()'>Atr√°s</div>","<button type='button' (click)='back()'>Atr√°s</button>"
"<a href='#'>Link</a>","<a href='#' aria-label='Enlace de destino'>Link</a>"
"<span class='menu-icon' (click)='toggleMenu()'>‚ò∞</span>","<button type='button' class='menu-icon' aria-label='Abrir men√∫' (click)='toggleMenu()'>‚ò∞</button>"
"<input type='number'>","<input type='number' aria-label='Cantidad'>"
"<img src='footer-logo.png'>","<img src='footer-logo.png' alt='Logo pie de p√°gina'>"
"<div role='dialog'>Ventana</div>","<div role='dialog' aria-modal='true' aria-label='Ventana modal'>Ventana</div>"
"<button disabled>Enviar</button>","<button disabled aria-disabled='true'>Enviar</button>"
"<a href='#' role='button'>Bot√≥n Falso</a>","<button type='button'>Bot√≥n Falso</button>"
"<img src='arrow.png'>","<img src='arrow.png' alt='Flecha derecha'>"
"<div (click)='refresh()'>Refrescar</div>","<button type='button' (click)='refresh()'>Refrescar</button>"
"<input type='file'>","<input type='file' aria-label='Subir archivo'>"
"<a href='#' onclick='close()'>Cancelar</a>","<button type='button' onclick='close()'>Cancelar</button>"
"<span (click)='edit()'>Editar</span>","<button type='button' (click)='edit()'>Editar</button>"
"<img src='loading.gif'>","<img src='loading.gif' alt='Cargando...'>"
"<div class='slider' (click)='slide()'>Slider</div>","<div class='slider' role='slider' tabindex='0' (click)='slide()'>Slider</div>"
"<input type='range'>","<input type='range' aria-label='Seleccionar valor'>"
"<a href='#'>Ver</a>","<a href='#' aria-label='Ver elemento'>Ver</a>"
"<div (click)='delete()'>Borrar</div>","<button type='button' (click)='delete()'>Borrar</button>"
"<img src='team.jpg'>","<img src='team.jpg' alt='Nuestro equipo de trabajo'>"
"<button class='hamburger'></button>","<button class='hamburger' aria-label='Men√∫ principal'></button>"
"<span (click)='search()'>üîç</span>","<button type='button' aria-label='Buscar' (click)='search()'>üîç</button>"
"<input type='url'>","<input type='url' aria-label='Sitio web'>"
"<a href='#' onclick='help()'>Ayuda</a>","<button type='button' onclick='help()'>Ayuda</button>"
"<div class='toggle' (click)='switch()'>ON</div>","<button role='switch' aria-checked='true' (click)='switch()'>ON</button>"
"<img src='bg.jpg'>","<img src='bg.jpg' alt='' role='presentation'>"
"<div (click)='upload()'>Subir</div>","<button type='button' (click)='upload()'>Subir</button>"
"<a href='#'>M√°s info</a>","<a href='#' aria-label='M√°s informaci√≥n sobre el producto'>M√°s info</a>"
"<span class='star' (click)='rate()'>‚òÖ</span>","<button type='button' aria-label='Calificar con estrella' (click)='rate()'>‚òÖ</button>"
"<input type='color'>","<input type='color' aria-label='Seleccionar color'>"
"<img src='error.png'>","<img src='error.png' alt='Error'>"
"<div (click)='zoom()'>Zoom</div>","<button type='button' (click)='zoom()'>Zoom</button>"
"<a href='#' onclick='share()'>Compartir</a>","<button type='button' onclick='share()'>Compartir</button>"
"<span (click)='copy()'>Copiar</span>","<button type='button' (click)='copy()'>Copiar</button>"
"<img src='success.png'>","<img src='success.png' alt='√âxito'>"
"<div class='accordion' (click)='toggle()'>T√≠tulo</div>","<button type='button' aria-expanded='false' class='accordion' (click)='toggle()'>T√≠tulo</button>"
"<input type='month'>","<input type='month' aria-label='Seleccionar mes'>"
"<a href='#'>Detalles</a>","<a href='#' aria-label='Ver detalles completos'>Detalles</a>"
"<div (click)='filter()'>Filtrar</div>","<button type='button' (click)='filter()'>Filtrar</button>"
"<img src='avatar.png'>","<img src='avatar.png' alt='Avatar del usuario'>"
"<button class='close'></button>","<button class='close' aria-label='Cerrar ventana'></button>"
"<span (click)='mute()'>Silenciar</span>","<button type='button' (click)='mute()'>Silenciar</button>"
"<input type='week'>","<input type='week' aria-label='Seleccionar semana'>"
"<a href='#' onclick='settings()'>Ajustes</a>","<button type='button' onclick='settings()'>Ajustes</button>"
"<div class='dropdown' (click)='drop()'>Opciones</div>","<button aria-haspopup='true' aria-expanded='false' (click)='drop()'>Opciones</button>"
"<img src='logo-white.png'>","<img src='logo-white.png' alt='Logo versi√≥n blanca'>"
"<div (click)='add()'>A√±adir</div>","<button type='button' (click)='add()'>A√±adir</button>"
"<a href='#'>Perfil</a>","<a href='#' aria-label='Ir a mi perfil'>Perfil</a>"
"<span (click)='trash()'>üóëÔ∏è</span>","<button type='button' aria-label='Eliminar elemento' (click)='trash()'>üóëÔ∏è</button>"
"<input type='time'>","<input type='time' aria-label='Seleccionar hora'>"
"<img src='slide1.jpg'>","<img src='slide1.jpg' alt='Diapositiva 1 de presentaci√≥n'>"
"<div (click)='pause()'>Pausa</div>","<button type='button' (click)='pause()'>Pausa</button>"
"<a href='#' onclick='logout()'>Salir</a>","<button type='button' onclick='logout()'>Salir</button>"
"<span class='info-icon' (click)='info()'>i</span>","<button type='button' class='info-icon' aria-label='Informaci√≥n' (click)='info()'>i</button>"
"<input type='datetime-local'>","<input type='datetime-local' aria-label='Fecha y hora local'>"
"<img src='promo.jpg'>","<img src='promo.jpg' alt='Promoci√≥n especial'>"
"<div (click)='start()'>Empezar</div>","<button type='button' (click)='start()'>Empezar</button>"
